{
  "task": "B - Mode D Gunsan calibration",
  "measurement": {
    "f1_Hz": 0.244,
    "sigma_Hz": 0.003,
    "source": "PhD Chapter 5 field OMA, 20039 RANSAC windows"
  },
  "grid": {
    "alpha": [
      0.5,
      0.85,
      1.2,
      1.5499999999999998,
      1.9,
      2.25,
      2.5999999999999996,
      2.9499999999999997,
      3.3,
      3.65,
      4.0
    ],
    "beta": [
      0.02,
      0.05,
      0.08,
      0.11000000000000001,
      0.14,
      0.17,
      0.2
    ]
  },
  "predictions_Hz": [
    [
      0.21994141876913614,
      0.21996569312654343,
      0.2199898855561152,
      0.22001399673023148,
      0.22003802730670416,
      0.220061977929324,
      0.22008584922838165
    ],
    [
      0.21954417715385144,
      0.21958216351818488,
      0.2196199568100194,
      0.21965755927857616,
      0.21969497310701208,
      0.21973220041583771,
      0.21976924326610486
    ],
    [
      0.21918916120521012,
      0.21923995039614627,
      0.21929040195812302,
      0.2193405209735419,
      0.2193903123357579,
      0.219439780761398,
      0.21948893080163498
    ],
    [
      0.218872196085466,
      0.2189348580553549,
      0.21899701398472177,
      0.21905867314675523,
      0.21911984439891682,
      0.219180536215246,
      0.21924075671540927
    ],
    [
      0.21858934978385497,
      0.21866296207554667,
      0.2187358842177826,
      0.21880813099786287,
      0.21887971643250342,
      0.21895065383662798,
      0.2190209558842391
    ],
    [
      0.21833697125787133,
      0.2184206396271834,
      0.2185034247968054,
      0.2185853482602273,
      0.2186664302440569,
      0.21874668983449394,
      0.21882614508761297
    ],
    [
      0.21811170830578475,
      0.21820458092368625,
      0.21829637378061464,
      0.21838711607675543,
      0.2184768351062217,
      0.21856555646557566,
      0.2186533042332547
    ],
    [
      0.21791051090881863,
      0.2180117874423257,
      0.2181117883724127,
      0.2182105513859414,
      0.2183081114904853,
      0.2184045013305472,
      0.21849975145640207
    ],
    [
      0.21773062448456418,
      0.2178395611990956,
      0.2179470303676125,
      0.21805307871860777,
      0.21815774941061167,
      0.21826108248117213,
      0.21836311522445517
    ],
    [
      0.21756957643455244,
      0.21768548828862694,
      0.21779974684588863,
      0.21791240821918767,
      0.2180235239646007,
      0.21813314168610481,
      0.21824130553919044
    ],
    [
      0.2174251585188556,
      0.21754741905258523,
      0.21766784828913222,
      0.21778651187984296,
      0.2179034698597038,
      0.21801877742740566,
      0.2181324855893796
    ]
  ],
  "posterior": [
    [
      6.445746130574504,
      6.877651795956419,
      7.336413753558458,
      7.823573329885701,
      8.340752843064548,
      8.889659454875583,
      9.472089185876357
    ],
    [
      2.2094796866800377,
      2.4495338804042337,
      2.7138142430076417,
      3.0045795826568207,
      3.324281806260687,
      3.675580894295563,
      4.0613609132403745
    ],
    [
      0.8361605414318604,
      0.9616888188167356,
      1.104720506950111,
      1.2675109810843241,
      1.4525822549670853,
      1.6627516185274576,
      1.9011630311097714
    ],
    [
      0.3470408217865926,
      0.4133005819703159,
      0.49130530751742185,
      0.5829785746164979,
      0.6905330984922156,
      0.8165102540485865,
      0.963824445338447
    ],
    [
      0.15685113113385385,
      0.19302765301523686,
      0.23694555209123266,
      0.2901349233292561,
      0.35440343749633796,
      0.43188215777766453,
      0.5250781542436821
    ],
    [
      0.0766455541026558,
      0.09725911097438297,
      0.12301248888931125,
      0.15508887388012652,
      0.19492141356096385,
      0.2442412816051282,
      0.3051340584764781
    ],
    [
      0.04020723725974061,
      0.05249478135984379,
      0.06826099064914128,
      0.08841461038392784,
      0.11408220318136163,
      0.14665567721635797,
      0.18784915311271572
    ],
    [
      0.022489722890006038,
      0.0301466040926519,
      0.040216498432707526,
      0.05340071139319082,
      0.07058750981599722,
      0.09289749831773557,
      0.12173891812826525
    ],
    [
      0.013327108186570551,
      0.018303778023656125,
      0.024999307682764153,
      0.03396088400856596,
      0.045895424014644734,
      0.06171202321403701,
      0.08257457134912648
    ],
    [
      0.008316895648871184,
      0.011680754576530802,
      0.01630204284243379,
      0.022613752268603016,
      0.031185547546083332,
      0.042763037152223,
      0.05831721734207617
    ],
    [
      0.005435852129906012,
      0.007792735108042921,
      0.011093383514223419,
      0.015685737616004555,
      0.02203528144474192,
      0.030761186108406873,
      0.04268247451340283
    ]
  ],
  "MAP": {
    "alpha": 0.5,
    "beta": 0.2,
    "f1_Hz_at_MAP": 0.22008584922838165,
    "error_from_measured_Hz": -0.023914150771618348
  },
  "marginal_means": {
    "alpha_mean": 0.7939737839114794,
    "beta_mean": 0.12106266777720931
  }
}