{
  "task": "A - Gunsan Bayesian scour identification",
  "measurement": {
    "f1_Hz": 0.244,
    "sigma_Hz": 0.003,
    "source": "PhD Chapter 5 field OMA, 20039 RANSAC windows"
  },
  "forward_model": {
    "framework": "Op^3 v0.3.2",
    "example": "04_gunsan_4p2mw_tripod",
    "foundation_mode": "distributed_bnwf (Mode C)",
    "scour_relief": "sqrt((z - s) / z) applied to k(z)"
  },
  "grid": {
    "s_min_m": 0.0,
    "s_max_m": 4.0,
    "n_points": 21
  },
  "predictions_Hz": [
    0.22069509040710505,
    0.220460823581832,
    0.220213604347383,
    0.21995164780922394,
    0.21967327247827556,
    0.2193675192505668,
    0.2190554548193019,
    0.2187141986424125,
    0.21833718109638994,
    0.2179661177584137,
    0.21752906271349695,
    0.21711974766881656,
    0.21666382207682489,
    0.21614945639867694,
    0.21564496955089407,
    0.21502028121564234,
    0.2144560812920957,
    0.2138059294505852,
    0.21304306672189025,
    0.21232393406586034,
    0.21133391480940997
  ],
  "grid_m": [
    0.0,
    0.2,
    0.4,
    0.6000000000000001,
    0.8,
    1.0,
    1.2000000000000002,
    1.4000000000000001,
    1.6,
    1.8,
    2.0,
    2.2,
    2.4000000000000004,
    2.6,
    2.8000000000000003,
    3.0,
    3.2,
    3.4000000000000004,
    3.6,
    3.8000000000000003,
    4.0
  ],
  "posterior_pdf": [
    3.155893586957908,
    1.7153277450634112,
    0.8954899679595526,
    0.44640436454496096,
    0.21126013755767217,
    0.0919693089196164,
    0.03893689835520407,
    0.015023887804448617,
    0.0051680799907899136,
    0.0017803195736326729,
    0.0004975456244060839,
    0.00014789401393726384,
    3.74586296291587e-05,
    7.738659477286219e-06,
    1.601518444974464e-06,
    2.189646534042619e-07,
    3.4971018000088087e-08,
    4.042286776222478e-09,
    3.027505159464194e-10,
    2.4794135112864098e-11,
    7.201613409268765e-13
  ],
  "posterior": {
    "mean_m": 0.2621497090693867,
    "std_m": 0.269690191605834,
    "p05_m": 0.0205287325670552,
    "p50_m": 0.20986500645650785,
    "p95_m": 0.812137423038796,
    "credible_interval_90pct": [
      0.0205287325670552,
      0.812137423038796
    ]
  }
}