{
  "task": "E - PCE surrogate of Gunsan forward model",
  "parameterisation": {
    "s_mean_m": 2.0,
    "s_sigma_m": 1.0,
    "xi_distribution": "N(0, 1)"
  },
  "pce_order": 6,
  "coefficients": [
    0.2171852982306599,
    -0.002230428100661212,
    -0.0004045669122510375,
    -3.396595938156032e-05,
    -1.3697591570454897e-05,
    9.73685806047453e-07,
    1.1648918605241207e-06
  ],
  "closed_form_mean_hz": 0.2171852982306599,
  "closed_form_var": 5.314674168211565e-06,
  "verification": {
    "xi_test": [
      -2.0,
      -1.7142857142857144,
      -1.4285714285714286,
      -1.1428571428571428,
      -0.8571428571428572,
      -0.5714285714285716,
      -0.2857142857142858,
      0.0,
      0.2857142857142856,
      0.5714285714285712,
      0.8571428571428568,
      1.1428571428571428,
      1.4285714285714284,
      1.714285714285714,
      2.0
    ],
    "direct_hz": [
      0.2206950904071052,
      0.2203565602938102,
      0.21998994650446468,
      0.21958997313135178,
      0.21914709598512858,
      0.21866165999667805,
      0.21812943270443444,
      0.2175290627134968,
      0.21693153697498382,
      0.21621708885009763,
      0.21548816221742706,
      0.2146241602171846,
      0.21370066401841004,
      0.21264615341514312,
      0.21133391480940997
    ],
    "surrogate_hz": [
      0.2205735861058877,
      0.2203279301168615,
      0.22000194706994822,
      0.21960736741241707,
      0.21915560325264039,
      0.21865591766623518,
      0.2181140502595208,
      0.21753129899029172,
      0.21690405824590667,
      0.21622381317869283,
      0.2154775902986661,
      0.21464886432356692,
      0.2137189212862118,
      0.2126686778991605,
      0.2114809571766989
    ],
    "max_relative_error": 0.0006957821579255016
  },
  "benchmark": {
    "n_direct": 100,
    "direct_wall_s": 0.341127872467041,
    "direct_per_call_ms": 3.41127872467041,
    "n_surrogate": 10000,
    "surrogate_wall_s": 0.0010075569152832031,
    "surrogate_per_call_us": 0.10075569152832031,
    "speedup_factor": 33856.9332702319
  }
}