{
  "task": "A (v2) - Gunsan Bayesian scour ID from REAL 1794 MC",
  "measurement": {
    "f1_Hz": 0.244,
    "sigma_Hz": 0.003,
    "source": "PhD Chapter 5 field OMA, 20039 RANSAC windows"
  },
  "forward_model": {
    "type": "non-parametric importance sampling on real MC database",
    "database": "PHD/data/integrated_database_1794.csv",
    "n_samples": 1794,
    "source": "OptumGX 3D FE limit analysis + OpenSeesPy BNWF structural dynamics"
  },
  "effective_sample_size": 277.1567507594163,
  "posterior_marginal": {
    "scour_m": {
      "mean": 3.59356118573722,
      "std": 0.4675538739856061,
      "p05": 2.5,
      "p50": 3.5,
      "p95": 4.0
    },
    "su0_kPa": {
      "mean": 13.834093533499335,
      "std": 3.4301640819039183,
      "p05": 9.09614555630574,
      "p50": 13.389078296058372,
      "p95": 20.075860215489616
    },
    "k_su_kPa_per_m": {
      "mean": 16.317450766148635,
      "std": 3.463947399451597,
      "p05": 10.774429431800352,
      "p50": 15.99780408007208,
      "p95": 22.065156119746423
    },
    "Hmax_kN": {
      "mean": 16161.233473208737,
      "std": 2650.2778149095952,
      "p05": 12047.819217052505,
      "p50": 15894.948393594988,
      "p95": 20768.186064930505
    },
    "H_ratio": {
      "mean": 0.7759621342010625,
      "std": 0.03205995743303712,
      "p05": 0.7378976872286022,
      "p50": 0.7706316015673086,
      "p95": 0.8382268367317951
    },
    "fixity_proxy": {
      "mean": 0.3773061775981903,
      "std": 0.014158516050085118,
      "p05": 0.3535115937236896,
      "p50": 0.3775574637409978,
      "p95": 0.3994597891118468
    }
  },
  "scour_posterior_histogram": {
    "bin_edges_m": [
      0.0,
      0.25,
      0.5,
      0.75,
      1.0,
      1.25,
      1.5,
      1.75,
      2.0,
      2.25,
      2.5,
      2.75,
      3.0,
      3.25,
      3.5,
      3.75,
      4.0
    ],
    "density": [
      6.018293617006083e-06,
      0.0,
      3.865856456514516e-05,
      0.0,
      0.00047230655204780084,
      0.0,
      0.006298369690661969,
      0.0,
      0.04162780380567205,
      0.0,
      0.17770418159215837,
      0.0,
      0.5907098166201513,
      0.0,
      1.335822676796283,
      1.8473201680848426
    ]
  }
}